cell_id,night_light_avg
6220,
6221,23.85033416748047
6409,
6315,29.749666213989258
6222,19.38016700744629
6410,33.882080078125
6504,26.307832717895508
6598,
6316,29.554166793823242
6411,26.17216682434082
6317,
6224,
6225,4.0991668701171875
5465,
5748,
5654,
5749,8.991167068481445
5843,11.55666732788086
5655,6.880166530609131
5750,12.08883285522461
5844,17.57699966430664
5371,
5372,25.41950035095215
5466,22.65416717529297
5560,14.784333229064941
5467,19.275667190551758
5373,18.99449920654297
5561,10.499750137329102
5937,
5938,17.16283416748047
6126,13.038666725158691
5659,
5847,15.119916915893555
5753,9.458666801452637
6032,14.078332901000977
6127,13.585583686828613
6033,
5941,
5660,
5848,15.143667221069336
5754,11.621000289916992
5661,16.483999252319336
5849,14.697583198547363
5755,13.593667030334473
5662,13.92549991607666
5850,20.20549964904785
5756,15.173832893371582
5663,9.403666496276855
5378,11.423832893371582
5567,10.077333450317383
5379,
5473,9.876999855041504
5380,10.886500358581543
5568,12.132499694824219
5474,9.20616626739502
5381,8.918499946594238
7164,
7165,54.70499801635742
7353,35.71183395385742
7259,45.306331634521484
7260,50.74116516113281
7354,49.269832611083984
7166,42.22216796875
7355,31.98150062561035
7447,
7542,40.05350112915039
7636,30.387666702270508
7448,49.16866683959961
7637,39.719417572021484
6787,
6788,42.57833480834961
6976,39.472999572753906
6882,42.080501556396484
7070,34.95633316040039
6977,40.94350051879883
6883,
6505,26.346332550048828
6693,40.24241638183594
6599,39.190834045410156
6694,37.81516647338867
6696,4.05916690826416
7071,56.82783508300781
7072,34.483333587646484
6791,7.765999794006348
6885,12.489333152770996
6415,
6227,
6321,3.8429999351501465
6228,3.930333375930786
6322,3.8889999389648438
6417,3.7776665687561035
6602,3.8496665954589844
6697,4.282833099365234
6699,3.7016665935516357
6511,3.7386667728424072
6886,14.419333457946777
6980,7.546000003814697
7074,
6887,14.505666732788086
6981,14.296000480651855
6982,11.10183334350586
6888,11.582666397094727
6512,3.5876667499542236
6606,3.4005000591278076
6701,4.468250274658203
6513,
6702,5.047666549682617
6323,
6324,4.016166687011719
6418,3.8450000286102295
6325,4.084833145141602
6232,
6326,
6795,7.734333515167236
6889,9.6448335647583
6983,7.77133321762085
7078,
6890,5.992833137512207
6984,4.7499165534973145
6796,6.255000114440918
6891,5.5851664543151855
6233,5.18316650390625
6327,5.023833274841309
6421,4.7291669845581055
6328,5.3125
6422,4.988666534423828
6423,5.442333221435547
6329,
6130,4.319000244140625
5942,12.342833518981934
5943,15.026333808898926
6131,4.236833572387695
5944,
5851,17.06458282470703
5757,15.087666511535645
5852,9.332250595092773
5758,10.227499961853027
5664,9.674666404724121
5665,11.002166748046875
5759,
5760,9.270833015441895
5945,
5475,12.239333152770996
5569,14.131000518798828
5382,14.3211669921875
5476,21.50550079345703
5570,17.5625
5383,34.541831970214844
5571,21.4858341217041
5477,30.947500228881836
5384,85.06316375732422
5478,56.21983337402344
6043,
6138,4.9292497634887695
6044,5.424166679382324
6139,5.757166862487793
6045,
5666,17.538166046142578
5667,19.928333282470703
5668,18.145999908447266
5763,14.546667098999023
5669,17.886333465576172
5572,
5385,56.016666412353516
5479,55.2066650390625
5573,42.61616516113281
5386,44.96083450317383
5480,46.753082275390625
5574,38.75983428955078
5387,45.826499938964844
5481,37.02299880981445
5575,
5953,
5954,21.445667266845703
6048,12.489832878112793
5955,27.642499923706055
5388,56.803165435791016
5482,30.18400001525879
5576,28.62416648864746
5389,61.07516860961914
5483,42.47591781616211
5577,32.18433380126953
5390,58.4015007019043
5484,46.1995849609375
5578,39.91116714477539
5391,73.83200073242188
5858,28.88483238220215
5764,31.720748901367188
5670,25.53783416748047
5859,39.87083435058594
5765,48.98774719238281
5671,35.397666931152344
5672,41.9821662902832
5766,42.98750305175781
5860,32.54899978637695
5673,48.76300048828125
188,22.01849937438965
94,14.095333099365234
1,19.52833366394043
189,32.61458206176758
283,26.10333251953125
95,24.708499908447266
2,22.948333740234375
190,37.1058349609375
471,13.431833267211914
377,21.054000854492188
472,24.115581512451172
378,27.159500122070312
566,19.82466697692871
473,23.284915924072266
660,
661,13.683666229248047
284,32.323665618896484
96,28.499000549316406
3,24.432832717895508
191,37.62725067138672
285,32.44066619873047
97,28.32466697692871
286,37.69466781616211
192,39.053749084472656
98,
379,23.341833114624023
567,21.417667388916016
474,15.781083106994629
380,24.730833053588867
568,14.819666862487793
381,36.924835205078125
569,23.779499053955078
475,24.924415588378906
476,36.731998443603516
570,32.106834411621094
755,
850,22.11425018310547
662,15.764833450317383
756,19.48466682434082
851,21.27633285522461
663,24.68600082397461
757,22.537500381469727
852,24.54708480834961
664,29.290666580200195
193,44.94583511352539
287,47.708831787109375
194,42.40924835205078
288,66.41133117675781
382,59.10100173950195
383,60.17850112915039
477,35.4119987487793
571,27.878334045410156
572,22.100500106811523
478,25.67208480834961
384,33.46033477783203
385,16.8973331451416
479,22.57900047302246
573,27.908666610717773
758,25.023834228515625
665,24.998666763305664
853,28.320499420166016
759,26.980751037597656
854,29.44700050354004
666,20.97833251953125
760,26.858665466308594
855,29.615999221801758
667,27.310333251953125
761,29.272335052490234
289,69.67416381835938
195,53.301666259765625
290,41.229000091552734
196,39.243499755859375
291,23.523666381835938
197,26.675750732421875
1794,7.552500247955322
1888,5.282833099365234
1983,
1227,14.186833381652832
1322,15.582666397094727
1228,18.75316619873047
943,13.457499504089355
944,21.76449966430664
1038,14.738499641418457
1133,12.577917098999023
945,18.7016658782959
1039,13.54949951171875
1134,16.18899917602539
946,18.775999069213867
1511,20.071332931518555
1606,24.420499801635742
1512,26.849166870117188
1607,28.60533332824707
1701,27.900917053222656
1513,30.21666717529297
1323,16.14150047302246
1417,21.235000610351562
1229,15.14050006866455
1324,17.789499282836914
1230,16.209333419799805
1418,24.232418060302734
1231,26.398000717163086
1419,28.863250732421875
1325,25.76183319091797
1040,14.537666320800781
1041,23.614500045776367
1135,15.446582794189453
947,24.663665771484375
1136,20.059083938598633
948,31.093666076660156
1042,32.954833984375
1137,28.467666625976562
1043,33.10383224487305
949,31.2896671295166
1608,30.262500762939453
1514,38.092498779296875
1702,32.12483215332031
1609,36.10150146484375
1515,43.295833587646484
1703,34.158668518066406
1610,31.930500030517578
1516,30.882999420166016
1704,36.13783264160156
1611,28.517333984375
1796,
1984,4.828499794006348
1797,31.15833282470703
1891,22.957500457763672
1985,6.10699987411499
1892,35.90166473388672
1986,16.763750076293945
1798,42.390499114990234
1893,27.411666870117188
2173,8.210166931152344
2079,6.190333366394043
2174,20.324167251586914
2080,16.741500854492188
2268,15.52833366394043
2175,26.9114990234375
2363,15.973999977111816
2364,35.16849899291992
2458,20.77916717529297
1799,29.105833053588867
1987,24.836082458496094
1894,22.241832733154297
1988,28.602249145507812
1800,19.477333068847656
1895,24.911333084106445
1801,20.015666961669922
1989,30.09408187866211
1802,21.56450080871582
1990,28.480499267578125
2081,25.190834045410156
2269,24.40250015258789
2176,44.39583206176758
2082,32.56716537475586
2270,52.149749755859375
2177,52.88683319091797
2083,32.919166564941406
2271,72.91650390625
2272,62.902835845947266
2084,32.86949920654297
2365,44.76850128173828
2553,15.360833168029785
2459,21.911832809448242
2366,47.02233123779297
2460,28.013500213623047
2648,19.138500213623047
2554,23.940418243408203
2367,46.47966766357422
2649,22.291000366210938
1896,24.43866729736328
1991,24.613916397094727
1803,15.539166450500488
1897,18.08966636657715
1992,17.31974983215332
1804,9.755167007446289
1898,11.354833602905273
1805,9.992666244506836
1993,11.181833267211914
1899,8.947833061218262
2178,44.958499908447266
2085,30.25349998474121
2179,35.94649887084961
2273,43.474998474121094
2180,23.23200035095215
2274,32.77991485595703
2086,20.246000289916992
2181,12.328166961669922
2087,10.490833282470703
2275,24.916749954223633
2461,40.33883285522461
2555,29.45233154296875
2368,42.446998596191406
2650,28.904499053955078
2462,44.98466491699219
2556,33.675167083740234
2557,44.226585388183594
2651,49.715667724609375
2463,42.48849868774414
2369,37.36216735839844
104,
292,17.21816635131836
198,17.550251007080078
293,21.03933334350586
199,12.03183364868164
294,18.340999603271484
386,18.181167602539062
480,27.069250106811523
574,34.522666931152344
481,40.451332092285156
575,40.225833892822266
387,33.942665100097656
388,16.37066650390625
482,18.838001251220703
576,30.562999725341797
483,
668,35.10933303833008
856,29.113000869750977
762,32.40358352661133
669,37.830833435058594
857,24.90483283996582
763,29.09149932861328
858,27.868499755859375
670,30.358999252319336
764,23.864582061767578
859,24.256000518798828
577,
389,
671,19.89583396911621
765,20.339750289916992
860,14.415499687194824
672,
766,13.695249557495117
673,
861,11.727167129516602
767,13.692750930786133
768,13.422582626342773
862,13.868666648864746
769,10.511666297912598
863,18.77716636657715
770,15.233833312988281
864,25.55233383178711
771,33.54316711425781
865,37.72533416748047
1232,32.271331787109375
1326,32.52983474731445
1420,40.842750549316406
1233,30.501333236694336
1421,42.416748046875
1327,32.137664794921875
1328,34.144500732421875
1422,33.36216735839844
1234,32.246498107910156
1329,40.72800064086914
1044,29.197166442871094
950,29.17799949645996
1138,31.6704158782959
951,27.03499984741211
1045,28.301000595092773
1139,31.28333282470703
952,31.04599952697754
1140,27.921667098999023
1046,24.442832946777344
953,24.63800048828125
1517,31.123167037963867
1705,27.747249603271484
1612,21.946500778198242
1518,21.138500213623047
1706,21.16791534423828
1613,13.33566665649414
1707,16.219083786010742
1519,10.251333236694336
1614,10.634333610534668
1708,14.914083480834961
1423,38.05891418457031
1235,36.24733352661133
1330,28.556167602539062
1236,27.41033363342285
1424,24.817249298095703
1425,11.506000518798828
1331,12.193333625793457
1237,12.033499717712402
1426,26.22949981689453
1332,30.897666931152344
1141,28.935333251953125
1047,19.911251068115234
954,16.695833206176758
1142,26.32433319091797
1048,19.809833526611328
955,18.531665802001953
1049,18.717666625976562
1143,14.200666427612305
956,24.831832885742188
1144,8.241833686828613
1050,18.705583572387695
1145,8.729000091552734
1051,24.410917282104492
957,36.35616683959961
1146,9.099666595458984
1052,30.399749755859375
958,48.070167541503906
1147,8.923999786376953
959,51.34333419799805
1053,30.59524917602539
1520,12.447333335876465
1615,15.21833324432373
1709,12.100666046142578
1521,27.06599998474121
1616,24.8526668548584
1710,12.230999946594238
1522,44.13916778564453
1617,30.264667510986328
1711,17.633832931518555
1523,46.78533172607422
1238,11.793499946594238
1333,57.02083206176758
1427,57.37466812133789
1239,15.428667068481445
1334,58.10308074951172
1428,75.26483154296875
1240,13.84000015258789
1241,12.674500465393066
1429,72.04866790771484
1335,52.69783020019531
1430,58.207332611083984
1242,11.97366714477539
1336,43.27750015258789
1431,42.82350158691406
1243,11.032833099365234
1337,26.270999908447266
1432,32.034000396728516
1244,14.500166893005371
1338,18.270750045776367
1433,27.67566680908203
1054,29.537250518798828
960,55.70066833496094
1148,9.604166984558105
1149,13.0086669921875
1055,26.526500701904297
961,39.86800003051758
962,27.939167022705078
1056,24.52975082397461
1150,18.24066734313965
1057,31.61783218383789
772,51.03466796875
866,53.1523323059082
867,41.8038330078125
868,
869,45.908668518066406
870,33.337501525878906
871,16.285165786743164
872,19.258499145507812
873,22.638166427612305
874,24.666833877563477
875,33.30983352661133
876,
2558,47.98341751098633
2652,56.322998046875
2464,42.18716812133789
2370,36.919334411621094
2559,41.11425018310547
2653,50.03450012207031
2465,37.044334411621094
2371,35.38666534423828
2560,37.33283233642578
2654,48.928165435791016
1994,9.146749496459961
1900,10.726333618164062
1806,15.291000366210938
1995,13.032083511352539
1901,16.588333129882812
1807,21.82033348083496
1808,32.05266571044922
1902,24.512332916259766
1996,21.090831756591797
1809,38.535499572753906
2276,22.046749114990234
2182,8.682833671569824
2088,7.452499866485596
2089,9.734833717346191
2183,10.156000137329102
2277,23.27225112915039
2278,25.05233383178711
2184,15.009499549865723
2090,16.51300048828125
2279,25.008167266845703
2466,31.829833984375
2372,31.351165771484375
2467,28.253334045410156
2373,25.387332916259766
2561,35.68016815185547
2562,36.466583251953125
2374,27.64699935913086
2468,30.013500213623047
2563,43.8216667175293
2375,42.65850067138672
1903,32.31666564941406
1997,30.34775161743164
1810,37.47366714477539
1998,33.75033187866211
1904,35.137916564941406
1999,44.10933303833008
1811,35.361000061035156
1905,38.94000244140625
2000,34.83100128173828
1812,33.617000579833984
2091,25.39666748046875
2185,22.809667587280273
2280,26.671001434326172
2186,32.5994987487793
2092,34.73099899291992
2281,36.52983474731445
2093,46.23666763305664
2187,43.122833251953125
2282,27.418167114257812
2094,33.7158317565918
2469,43.93600082397461
2564,40.78733444213867
2376,34.551334381103516
2470,37.3216667175293
2565,32.29350280761719
2471,26.819332122802734
2377,27.152334213256836
2472,24.40999984741211
2378,29.06166648864746
2566,26.924583435058594
1906,34.916168212890625
2001,29.859333038330078
1813,43.00633239746094
1907,38.20724868774414
2002,34.56266784667969
1814,51.65416717529297
1908,47.801002502441406
1815,46.839500427246094
2003,56.407833099365234
1909,53.18358612060547
2188,29.38166618347168
2283,24.794082641601562
2095,26.94266700744629
2189,23.643165588378906
2284,32.41283416748047
2096,29.66583251953125
2190,30.730083465576172
2285,38.348331451416016
2097,43.51616668701172
2191,39.73283386230469
2473,29.886667251586914
2567,27.47024917602539
2379,35.21533203125
2568,29.905250549316406
2474,35.24616622924805
2380,40.60200119018555
2569,30.128250122070312
2475,32.39466857910156
2381,35.83433151245117
2570,37.18550109863281
1524,43.10566711425781
1618,32.430335998535156
1712,23.095666885375977
1619,36.09983444213867
1713,29.223833084106445
1525,40.79949951171875
1526,30.812665939331055
1620,33.5
1714,38.14849853515625
1621,34.04691696166992
1245,28.049833297729492
1339,23.018333435058594
1434,39.263832092285156
1340,32.84783172607422
1246,41.58133316040039
1341,36.80908203125
1247,61.60933303833008
1435,40.90700149536133
1248,50.67100143432617
1342,35.049251556396484
1151,30.64299964904785
963,40.86166763305664
1058,30.30266571044922
964,28.9375
1152,45.44816589355469
1059,46.42266845703125
965,16.710500717163086
1153,73.79533386230469
966,24.149499893188477
1060,60.77750015258789
1715,46.06283187866211
1527,23.706832885742188
1528,33.39116668701172
1716,42.628501892089844
1622,35.10300064086914
1529,46.33216857910156
1623,42.46183395385742
1717,38.590667724609375
1530,38.85300064086914
1718,37.1966667175293
1436,34.47983169555664
1437,36.89250183105469
1343,31.245832443237305
1249,32.511165618896484
1344,40.32316589355469
1438,51.908164978027344
1250,37.66600036621094
1251,36.9109992980957
1345,45.810916900634766
1439,61.16033172607422
1154,64.07633209228516
1155,43.27333450317383
1061,48.32316589355469
967,21.61199951171875
1156,44.9183349609375
968,16.04283332824707
1062,31.909000396728516
1063,40.76508331298828
1157,46.65250015258789
969,27.77549934387207
1624,41.00575256347656
1625,46.719417572021484
1719,49.449501037597656
1531,37.74583435058594
1626,52.788333892822266
1720,55.541500091552734
1532,50.298500061035156
1721,48.1446647644043
1627,45.3884162902832
1533,54.70216751098633
1628,41.483497619628906
1722,49.349998474121094
1534,46.34000015258789
1629,32.85333251953125
1723,40.4648323059082
1535,37.03216552734375
1346,38.64666748046875
1440,53.47850036621094
1252,34.556331634521484
1253,37.50466537475586
1347,38.211334228515625
1441,44.03783416748047
1348,
1442,
1254,29.17216682434082
970,66.86683654785156
1064,77.14199829101562
1158,59.324501037597656
1065,112.19241333007812
1159,75.06183624267578
971,
1160,54.101165771484375
1066,94.27716827392578
5087,
5088,2.695333242416382
5276,
5182,2.7196667194366455
5183,14.321833610534668
4993,
4994,2.4201667308807373
4995,4.204666614532471
5277,15.666915893554688
5089,9.390999794006348
5184,13.85433292388916
5278,23.678333282470703
5090,7.794166564941406
5279,13.699832916259766
4906,
5000,
4812,26.11549949645996
5001,41.86216735839844
4907,42.350502014160156
4813,41.30216598510742
4435,
4529,
4436,78.62100219726562
4624,44.07341766357422
4530,59.01150131225586
4718,29.006332397460938
4437,94.46050262451172
5094,
5095,37.79349899291992
4531,77.8846664428711
4625,63.04716873168945
4719,44.832000732421875
4438,80.89466857910156
4532,71.0199966430664
4626,62.90641784667969
4439,67.36983489990234
4627,54.57091522216797
4533,59.05350112915039
4534,51.48849868774414
2743,20.77466583251953
2744,39.5908317565918
2838,48.10333251953125
2745,61.26449966430664
2839,38.729331970214844
2934,17.898834228515625
2746,50.99800109863281
2840,28.310667037963867
2935,27.38800048828125
2747,44.924835205078125
2841,31.789749145507812
2936,37.08966827392578
2748,53.147666931152344
2842,43.85108184814453
2937,50.32783508300781
4341,
4153,
3965,
4059,
3966,43.988834381103516
3872,21.019166946411133
4060,74.69142150878906
3873,21.180999755859375
3967,37.95966720581055
4061,53.557167053222656
4247,
4154,72.30583190917969
4342,88.2449951171875
4248,79.87533569335938
4155,51.43633270263672
4343,90.00907897949219
4249,
4156,
4344,74.56283569335938
4250,52.61349868774414
4062,25.05666732788086
4063,
3970,
4064,56.40141677856445
3971,
4814,59.760833740234375
4908,47.406333923339844
4720,61.637001037597656
5002,43.6775016784668
4815,59.10933303833008
4909,49.0469970703125
4721,60.99599838256836
5003,53.09316635131836
5004,67.10983276367188
4816,44.45233154296875
5284,18.091083526611328
5190,33.09783172607422
5096,41.795501708984375
5285,28.846332550048828
5191,
5097,59.44466781616211
5098,75.10250091552734
5192,44.514915466308594
5286,18.09233283996582
5193,31.42566680908203
4910,46.33133316040039
4722,48.98233413696289
5005,71.86166381835938
4817,39.99416732788086
4911,48.96050262451172
4723,44.19916534423828
4818,42.87366485595703
4724,46.23149871826172
4912,46.77674865722656
5006,53.43299865722656
4628,48.936500549316406
4440,59.82666778564453
4629,53.43358612060547
4441,49.65266799926758
4535,51.41633224487305
4630,60.70991516113281
4442,47.42766571044922
4536,56.83683395385742
4537,58.8754997253418
4631,64.46199798583984
5287,10.81583309173584
5099,64.39583587646484
5194,13.965499877929688
5288,10.074999809265137
5100,44.83433151245117
5289,30.454334259033203
5101,29.921499252319336
5195,22.981666564941406
5196,64.34200286865234
5290,94.7959976196289
4819,46.003501892089844
5007,36.89966583251953
4725,49.66083526611328
4913,42.764583587646484
4726,56.24416732788086
4820,56.29999923706055
5008,41.813499450683594
4914,52.56175231933594
4727,58.98849868774414
4915,63.99250030517578
4443,48.101165771484375
4444,46.24616622924805
4538,52.00983428955078
4632,62.715667724609375
4445,49.20633316040039
4539,50.11166763305664
4633,60.202667236328125
4446,57.715667724609375
4540,53.30550003051758
4634,60.950164794921875
5102,40.9461669921875
5103,48.90733337402344
5197,56.795249938964844
5291,56.28233337402344
5198,48.771751403808594
5104,51.02399826049805
5292,44.59716796875
5199,43.254913330078125
5293,42.963165283203125
5105,46.72200012207031
4821,63.4808349609375
5009,50.53900146484375
4728,61.88050079345703
4822,66.83450317382812
5010,55.0446662902832
4916,66.09083557128906
4917,61.98066711425781
4823,66.04216766357422
5011,50.44633483886719
4729,60.8918342590332
4635,62.00816345214844
4447,66.94633483886719
4541,61.83683395385742
4636,56.29058074951172
4448,65.48683166503906
4542,61.300167083740234
4449,61.4010009765625
4543,56.13716506958008
4637,49.446502685546875
4544,51.98099899291992
3029,23.48550033569336
3030,35.38483428955078
3124,23.604999542236328
3031,54.17716598510742
2749,46.899497985839844
2655,44.067501068115234
2843,42.864418029785156
2938,49.165164947509766
2750,43.67100143432617
2844,40.29374694824219
2656,45.04650115966797
2657,47.29366683959961
2751,47.87483215332031
2939,42.62216567993164
3503,50.04683303833008
3504,52.66233444213867
3125,30.253250122070312
3032,49.417667388916016
3126,29.320833206176758
3033,34.04650115966797
3127,21.2723331451416
3034,26.570167541503906
2845,48.547332763671875
2658,41.641998291015625
2752,45.7234992980957
2846,55.564918518066406
2940,44.590667724609375
2753,45.79633331298828
2659,38.09516525268555
2941,35.193668365478516
2847,53.411415100097656
2848,45.22016906738281
3035,
3410,31.981666564941406
3505,52.355499267578125
3411,32.77033233642578
3506,48.519832611083984
3412,30.351667404174805
3507,45.533164978027344
3413,39.31566619873047
2942,
2660,34.61050033569336
2754,42.944332122802734
2755,36.16400146484375
2661,32.416831970214844
2849,38.91133117675781
2662,33.43283462524414
2756,36.11366653442383
3414,28.646499633789062
3508,38.19300079345703
3509,42.88349914550781
3415,27.154666900634766
3510,53.36766815185547
3511,
4157,47.77366638183594
4251,53.2938346862793
4345,67.11575317382812
4158,64.91633605957031
4346,63.290000915527344
4252,55.37666702270508
4159,55.384498596191406
4347,53.16816711425781
4253,48.5543327331543
4348,41.25066375732422
4065,56.64033508300781
3877,
3972,40.87733459472656
4066,47.046669006347656
3878,25.602500915527344
4067,44.79999923706055
3879,38.20766830444336
3973,46.8043327331543
3880,47.697418212890625
3974,44.98433303833008
3690,24.045249938964844
3596,21.28350067138672
3784,29.54050064086914
3691,41.185081481933594
3597,61.45033264160156
3785,42.529666900634766
3692,54.77799987792969
3598,71.61033630371094
4160,44.36516571044922
4254,43.04499816894531
4349,40.094417572021484
4255,43.0625
4161,42.498165130615234
4350,39.74591827392578
4162,33.66450119018555
4256,34.53900146484375
4351,48.065834045410156
4163,39.79199981689453
4068,39.53300094604492
3975,44.07699966430664
4069,44.27391815185547
3881,40.380165100097656
3976,43.563499450683594
3882,41.708831787109375
4070,50.842918395996094
3977,53.0087776184082
3883,53.49416732788086
4071,64.49800109863281
3786,47.61466598510742
3693,58.607582092285156
3787,43.04833221435547
3599,68.62616729736328
3694,47.774085998535156
3600,51.7130012512207
3788,41.82266616821289
3601,46.018333435058594
3789,50.893333435058594
3695,45.1407470703125
4257,42.44900131225586
4164,54.67216491699219
4352,61.266666412353516
4258,58.150001525878906
4165,64.35333251953125
4259,63.67866516113281
4353,67.29266357421875
4166,59.95066833496094
4260,59.141998291015625
4354,66.98066711425781
3790,62.273834228515625
3696,53.41691589355469
3602,45.145999908447266
3603,52.554832458496094
3791,54.878665924072266
3697,68.23216247558594
3792,49.554832458496094
3698,84.55941772460938
3604,66.42050170898438
3793,65.45249938964844
3978,58.12733459472656
3884,60.7928352355957
4072,63.29683303833008
4073,60.42300033569336
3885,48.55400085449219
3979,50.3489990234375
3886,42.367000579833984
4074,62.86333465576172
3980,47.08416748046875
3887,55.35316848754883
4918,57.932167053222656
4730,56.03333282470703
4824,61.893165588378906
5012,44.208499908447266
4919,58.01016616821289
4731,49.0908317565918
5013,48.92300033569336
4825,58.413665771484375
4920,59.0446662902832
4732,50.362998962402344
5106,45.70016860961914
5294,53.292999267578125
5200,48.27166748046875
5107,56.40683364868164
5201,63.5693359375
5295,63.688167572021484
5108,55.41566848754883
5296,65.5893325805664
5202,67.82958984375
5203,59.039085388183594
4450,56.85616683959961
4638,49.64400100708008
4545,53.503501892089844
4639,52.5533332824707
4451,55.141998291015625
4640,54.40924835205078
4546,57.305999755859375
4452,56.12816619873047
4641,50.72858428955078
4547,49.33883285522461
4826,57.44383239746094
5014,50.6775016784668
4921,49.965919494628906
4733,58.673667907714844
4827,57.747833251953125
4922,43.88141632080078
4734,71.12850189208984
4828,62.16166687011719
4923,56.56916809082031
4829,70.6711654663086
5297,72.37799835205078
5015,39.39500045776367
5109,42.29283142089844
5204,52.38483428955078
5016,32.208499908447266
5110,37.0428352355957
5298,67.70816802978516
5205,56.286415100097656
5111,45.691497802734375
5017,43.290164947509766
5299,63.84149932861328
5300,62.641666412353516
5018,63.544334411621094
5112,59.80766677856445
5206,61.61083221435547
5113,68.64633178710938
5207,62.59874725341797
5019,71.73566436767578
5301,58.06816864013672
5020,65.90567016601562
4735,75.1673355102539
4924,83.04491424560547
4830,76.1135025024414
4736,63.669166564941406
4925,84.61866760253906
4737,55.72200012207031
4831,69.24099731445312
4926,67.07975006103516
4832,61.06266784667969
4738,60.71383285522461
4453,46.33300018310547
4454,37.79750061035156
4548,33.300079345703125
4642,44.1150016784668
4455,31.670833587646484
4643,44.894832611083984
4549,25.767417907714844
4644,55.25483322143555
4456,29.933666229248047
4550,27.40399932861328
5302,68.2125015258789
5208,67.5885009765625
5114,68.8949966430664
5115,73.99082946777344
5209,77.64883422851562
5303,81.81583404541016
5021,69.27166748046875
5022,78.38316345214844
5304,82.8201675415039
5210,81.53691101074219
4645,61.15999984741211
4457,38.74549865722656
4551,43.72916793823242
4458,45.24566650390625
4646,64.38199615478516
4552,53.21066665649414
4459,69.07933044433594
4647,80.44049835205078
4553,84.31283569335938
4460,90.30799865722656
7918,35.21500015258789
7824,24.341333389282227
7730,23.055665969848633
7825,41.923667907714844
7261,25.83766746520996
7167,17.496665954589844
7356,
7169,4.804333209991455
7263,5.09499979019165
7264,4.478166580200195
7543,45.29949951171875
7449,49.731834411621094
7638,
7450,
7544,20.66983413696289
7639,7.437666416168213
7545,6.89300012588501
7640,
7452,
7919,56.142333984375
7731,39.91633224487305
7826,43.18050003051758
7920,58.71708297729492
7732,35.99850082397461
7921,54.4755859375
7827,34.77033233642578
7733,24.491666793823242
7734,15.889666557312012
7922,
7828,21.46649932861328
7735,7.97599983215332
7736,6.151500225067139
7737,
7358,4.514999866485596
7171,4.4644999504089355
7265,4.502833366394043
7359,4.700666427612305
7172,4.721166610717773
7266,4.896500110626221
7360,5.053666591644287
7173,5.138000011444092
7267,5.231833457946777
7641,
7453,4.841000080108643
7454,5.439499855041504
7455,6.497000217437744
7643,6.927999973297119
7363,
7270,26.445667266845703
7456,
7550,14.970417022705078
7644,9.165499687194824
7551,51.467166900634766
7457,48.722999572753906
7645,14.586000442504883
7552,112.66908264160156
7646,30.998167037963867
7458,131.24383544921875
7459,212.71466064453125
7738,8.421500205993652
7833,9.208999633789062
7739,10.1850004196167
7927,
7834,10.60675048828125
7740,14.583999633789062
7928,9.908332824707031
7835,12.62266731262207
8012,
8107,46.07099914550781
8201,34.87216567993164
8013,60.97249984741211
8108,54.13349914550781
8202,44.37516784667969
8014,66.25150299072266
8109,58.3941650390625
8015,67.64966583251953
8110,57.31483459472656
8016,54.207332611083984
8116,28.006000518798828
8022,12.60283374786377
8117,19.832332611083984
6515,
6703,5.463416576385498
6610,5.06416654586792
6516,
6704,6.532833576202393
6517,
6705,7.431166648864746
6985,4.922999858856201
6797,6.285666465759277
6892,5.849999904632568
6986,5.537166595458984
6798,6.609499931335449
6893,
6799,6.940999984741211
6424,5.538333415985107
6237,
6426,9.365333557128906
6238,10.837833404541016
6333,11.817832946777344
6518,
6706,8.196332931518555
6614,17.749834060668945
6708,
6520,11.838333129882812
6709,31.601667404174805
6615,36.56883239746094
6896,
6990,18.606834411621094
6803,18.33449935913086
6991,50.10266876220703
6897,22.7363338470459
6992,91.7760009765625
6804,44.304500579833984
6898,62.11183166503906
6993,116.68616485595703
6899,121.51499938964844
6805,112.8453369140625
6994,103.02857971191406
6900,126.1586685180664
6806,127.1510009765625
6521,27.825166702270508
6616,47.3668327331543
6710,40.45050048828125
6522,40.43550109863281
6523,47.09049987792969
6711,89.2768325805664
6617,59.17266845703125
6524,55.236167907714844
6712,103.52483367919922
6618,63.47191619873047
6239,24.142499923706055
6427,16.57866668701172
6334,20.173500061035156
6240,
6428,28.426166534423828
6335,29.398082733154297
6241,45.80116653442383
6429,38.656166076660156
6242,65.0094985961914
6336,47.742584228515625
6430,50.4461669921875
6337,56.69449996948242
6431,48.943668365478516
6243,68.5086669921875
6338,43.62733459472656
6432,39.92466735839844
6244,58.99883270263672
6433,43.87233352661133
6245,50.63716506958008
6339,40.795833587646484
6995,39.41975021362305
6901,38.102664947509766
6807,43.39849853515625
6996,42.6505012512207
6808,53.708168029785156
6902,41.55650329589844
6997,39.622833251953125
6903,38.542667388916016
6809,42.15483474731445
6904,37.9057502746582
7364,47.34349822998047
7271,71.98307800292969
7083,
7365,144.4481658935547
7177,29.4146671295166
7178,79.76349639892578
7084,47.54199981689453
7272,114.61566162109375
7366,161.80267333984375
7929,11.34749984741211
7741,24.889333724975586
7930,23.802000045776367
7836,21.038917541503906
7742,35.70766830444336
7837,41.89441680908203
7931,47.52949905395508
7743,46.94533157348633
7932,42.05766677856445
7744,69.65283203125
7647,66.57050323486328
7553,170.93417358398438
7460,257.81201171875
7554,207.15850830078125
7648,91.50916290283203
7461,187.15916442871094
7555,137.72067260742188
7649,68.8844985961914
7556,84.13742065429688
7650,81.03399658203125
7179,135.26817321777344
7085,112.39183044433594
7273,123.82225036621094
7367,128.56649780273438
7180,157.121337890625
7086,137.03399658203125
7274,128.319091796875
7368,99.98066711425781
7181,151.3441619873047
7275,116.98441314697266
7838,49.7504997253418
7839,48.30908203125
7745,78.05500030517578
7933,34.537498474121094
7840,46.404998779296875
7746,64.40399932861328
7934,40.539833068847656
7841,42.29450225830078
7747,49.599666595458984
7935,41.39716720581055
7462,86.29550170898438
7557,95.34858703613281
7651,98.3768310546875
7463,66.0739974975586
7558,89.28608703613281
7652,77.9941635131836
7464,78.04783630371094
7559,55.16849899291992
7465,62.28033447265625
7653,53.880332946777344
7087,133.73899841308594
7369,81.9626693725586
7182,121.37100219726562
7088,110.7864990234375
7276,91.84107971191406
7370,76.9768295288086
7183,44.8650016784668
7089,42.69483184814453
7277,52.58441925048828
7371,53.628334045410156
7372,44.75316619873047
7090,44.51250076293945
7184,46.00983428955078
7278,46.139251708984375
7091,42.67100143432617
7373,41.212833404541016
7279,44.42375183105469
7185,45.94499969482422
7092,41.3466682434082
7280,42.17524719238281
7842,52.8120002746582
7748,57.158668518066406
7936,49.163333892822266
7749,53.732666015625
7843,61.72816467285156
7937,60.14649963378906
7750,47.48716735839844
7844,49.868751525878906
7938,44.00983428955078
7751,44.80849838256836
7466,43.21383285522461
7654,64.91549682617188
7560,56.71141815185547
7561,58.381500244140625
7467,40.50483322143555
7655,60.60483169555664
7562,50.29566955566406
7468,46.45216751098633
7656,48.54766845703125
7657,42.26499938964844
8307,24.580333709716797
8308,28.284334182739258
8023,12.434499740600586
8024,18.163000106811523
8118,13.838500022888184
8025,30.331167221069336
8119,16.101165771484375
8213,20.87350082397461
8120,23.487499237060547
8214,26.68433380126953
8402,36.88349914550781
8309,34.23400115966797
8403,59.29199981689453
8310,48.47850036621094
8311,43.81966781616211
8026,30.089834213256836
8121,31.368083953857422
8215,32.17316818237305
8027,31.95133399963379
8122,35.08150100708008
8216,40.67416763305664
8028,37.63399887084961
8217,42.04199981689453
8029,39.602664947509766
8123,37.5134162902832
8312,47.915164947509766
8407,30.388166427612305
8313,37.42416763305664
8314,29.27666664123535
8408,30.363832473754883
8030,43.60100173950195
8124,42.01033401489258
8218,46.83399963378906
8125,39.53008270263672
8031,48.76649856567383
8219,38.35066604614258
8032,37.180667877197266
8126,28.778915405273438
8220,27.63883399963379
8127,25.968915939331055
6525,53.40583419799805
6619,72.166748046875
6713,61.5803337097168
6714,74.62100219726562
6620,82.87767028808594
6526,47.28099822998047
6527,51.051666259765625
6621,62.70458221435547
6715,50.539833068847656
6528,55.88600158691406
6434,51.856666564941406
6246,44.17966842651367
6340,46.215248107910156
6435,50.14500045776367
6247,39.335166931152344
6341,41.67375183105469
6342,37.22516632080078
6436,43.63516616821289
6248,34.57466506958008
6437,39.25983428955078
6622,45.979915618896484
6716,40.79249954223633
6529,54.34833526611328
6623,45.309165954589844
6717,45.20916748046875
6530,47.17216491699219
6624,46.08616638183594
6718,48.49283218383789
6531,38.71983337402344
6625,47.25258255004883
6810,40.87699890136719
6998,37.46183395385742
6905,46.404998779296875
6811,48.66033172607422
6999,43.448665618896484
7000,57.468666076660156
6906,55.56483459472656
6812,54.8668327331543
6907,70.89558410644531
7001,82.59716796875
6343,33.683082580566406
6249,26.261167526245117
6344,32.449668884277344
6250,24.189167022705078
6438,32.00133514404297
6439,29.14316749572754
6345,42.22283172607422
6251,39.09116744995117
6440,36.64583206176758
6252,49.94466781616211
6719,58.07533264160156
6532,27.125999450683594
6626,43.01124954223633
6720,57.705501556396484
6533,19.95199966430664
6721,43.954833984375
6627,33.87933349609375
6534,27.10016632080078
6628,35.04316711425781
6722,41.31449890136719
6813,69.48400115966797
6908,80.85391998291016
6814,66.45899963378906
7002,104.31683349609375
6815,48.15566635131836
7003,92.69999694824219
6909,70.56124877929688
7004,60.22016525268555
6816,42.399166107177734
6910,52.259918212890625
6346,51.763248443603516
6441,36.637332916259766
6253,37.83399963378906
6347,44.423500061035156
6442,35.26850128173828
6254,28.242332458496094
6348,32.34883117675781
6443,49.381832122802734
6255,31.694833755493164
6349,34.28558349609375
6535,32.605499267578125
6629,42.612667083740234
6723,57.13600158691406
6536,41.94850158691406
6630,50.561500549316406
6724,74.22416687011719
6537,58.69733428955078
6725,61.42716598510742
6631,48.23833465576172
6538,49.88133239746094
7005,45.99850082397461
6911,52.15366744995117
6817,60.755165100097656
7006,53.63216781616211
6818,80.12100219726562
6912,60.210418701171875
6819,66.65616607666016
6913,55.012664794921875
7007,50.638832092285156
7008,66.0425033569336
7186,44.00400161743164
7374,43.80950164794922
7093,44.45966720581055
7187,42.37216567993164
7281,44.131168365478516
7094,56.14616775512695
7188,51.426666259765625
7282,50.14699935913086
7095,85.05000305175781
7283,66.61900329589844
7469,56.778167724609375
7375,46.6168327331543
7563,49.04875183105469
7376,50.64350128173828
7470,56.07699966430664
7564,48.3807487487793
7658,39.670501708984375
7377,61.17283248901367
7565,45.87366485595703
7471,54.75033187866211
7845,42.34175109863281
7939,33.795501708984375
7752,44.982666015625
7846,44.47383499145508
7940,35.833499908447266
7753,38.28049850463867
7847,40.07475280761719
7941,36.6336669921875
7754,38.81883239746094
7848,38.048500061035156
7189,76.32025146484375
7096,108.9729995727539
7284,88.1883316040039
7190,101.59841918945312
7097,97.19733428955078
7191,107.21891784667969
7285,106.89183044433594
7098,62.92250061035156
7286,93.17533111572266
7192,78.77333068847656
7659,37.358665466308594
7378,79.1536636352539
7566,58.332332611083984
7660,47.50600051879883
7472,57.31549835205078
7379,96.71516418457031
7567,82.97666931152344
7661,67.98016357421875
7473,69.625
7380,85.15966796875
7942,36.426666259765625
7755,46.33566665649414
7849,37.91566467285156
7943,39.019500732421875
7756,62.51416778564453
7944,41.8025016784668
7850,41.97850036621094
7851,46.99883270263672
7757,68.23567199707031
7945,44.46983337402344
7662,97.62816619873047
7568,101.20233154296875
7474,77.84892272949219
7381,61.63716506958008
7569,73.70166778564453
7475,67.91233825683594
7663,75.25133514404297
7382,44.32466506958008
7664,45.134666442871094
7570,42.87116622924805
7099,47.21066665649414
7287,59.28083419799805
7193,55.01433563232422
7194,59.087669372558594
7288,47.35200119018555
7100,59.47083282470703
7195,53.877418518066406
7101,56.52766799926758
7289,52.38949966430664
7290,34.602333068847656
7476,44.238502502441406
7383,48.24516677856445
7665,34.954166412353516
7571,35.1341667175293
7477,34.920833587646484
7384,36.173831939697266
7478,33.43316650390625
7666,26.657167434692383
7572,29.48466682434082
7385,38.89033508300781
7852,41.95916748046875
7758,46.593833923339844
7946,40.24650192260742
7853,39.55983352661133
7759,38.109500885009766
7947,37.130001068115234
7854,28.081666946411133
7760,23.670333862304688
7948,32.71183395385742
7855,32.85216522216797
8221,29.846500396728516
8033,30.412500381469727
8128,37.322998046875
8034,35.242000579833984
8222,37.5885009765625
8129,47.4630012512207
8223,40.76766586303711
8035,40.224334716796875
8130,42.2255859375
8036,38.6254997253418
8315,32.592498779296875
8409,44.330833435058594
8316,37.07133483886719
8410,46.063167572021484
8317,36.30833435058594
8411,31.957000732421875
8224,37.93983459472656
8037,39.186668395996094
8131,37.60408020019531
8225,36.965999603271484
8132,37.362335205078125
8038,40.063167572021484
8226,37.83000183105469
8227,46.41550064086914
8133,46.250083923339844
8039,43.61283493041992
8318,33.64383316040039
8319,35.03383255004883
8320,41.196998596191406
8321,51.26533508300781
8322,56.53216552734375
8323,48.077999114990234
8324,34.782501220703125
8418,35.63083267211914
8512,36.064334869384766
8606,40.25400161743164
8701,34.40516662597656
8607,33.57083511352539
8134,48.376502990722656
8040,41.81366729736328
8228,52.13383483886719
8135,36.80066680908203
8041,35.81658172607422
8229,41.618831634521484
8042,38.50724792480469
8136,43.78333282470703
8230,39.94933319091797
8043,40.368167877197266
8137,43.69016647338867
8231,36.92216491699219
8232,31.41233253479004
8044,36.77916717529297
8138,34.11433410644531
8139,20.240999221801758
8045,28.979583740234375
8233,26.18000030517578
8234,21.54800033569336
8046,31.753000259399414
8419,31.57183265686035
8325,34.21491622924805
8513,31.62150001525879
8420,28.929500579833984
8326,33.180419921875
8514,30.446500778198242
8421,33.55950164794922
8327,36.28741455078125
8515,34.223167419433594
8422,36.166500091552734
7196,39.4393310546875
7102,57.932334899902344
7197,42.295249938964844
7103,65.39167022705078
7291,37.755332946777344
7198,37.837249755859375
7104,49.607666015625
7292,47.852664947509766
7105,27.044166564941406
7199,23.481332778930664
7479,32.81050109863281
7667,24.496000289916992
7573,29.035499572753906
7386,54.76166534423828
7480,43.06633377075195
7574,31.56183433532715
7668,24.25149917602539
7387,47.893333435058594
7575,39.55516815185547
7481,45.859169006347656
7761,24.237415313720703
7949,35.28633499145508
7856,37.55983352661133
7762,24.921749114990234
7950,39.73533248901367
7857,37.5525016784668
7763,26.616249084472656
7951,40.507667541503906
7670,30.403499603271484
7858,40.15999984741211
7669,29.50516700744629
7388,29.995332717895508
7482,32.697750091552734
7576,35.216835021972656
7483,30.02483367919922
7577,29.545166015625
7389,27.334999084472656
7484,42.24866485595703
7578,38.251834869384766
7390,34.63216781616211
7293,35.9561653137207
7106,18.998666763305664
7200,18.84724998474121
7294,23.996334075927734
7107,24.98550033569336
7201,24.215499877929688
7295,24.331666946411133
7108,30.282167434692383
7202,30.687833786010742
7296,31.577499389648438
7764,29.904417037963867
7952,44.404998779296875
7765,29.73725128173828
7671,26.95566749572754
7859,42.12016677856445
7953,45.35850143432617
7766,34.24366760253906
7672,34.83649826049805
7954,45.038665771484375
7860,45.143165588378906
7673,50.77516555786133
7767,45.02808380126953
7955,37.11666488647461
7861,44.39950180053711
7768,43.46258544921875
7862,33.8489990234375
7674,50.47016525268555
7956,23.953166961669922
7769,29.508167266845703
7675,37.82266616821289
7485,48.3779182434082
7391,46.45366668701172
7579,48.68433380126953
7486,38.30699920654297
7392,43.09883499145508
7580,42.48716735839844
7487,33.2760009765625
7393,36.29633331298828
7581,36.180667877197266
7582,33.45933151245117
7297,44.59433364868164
7109,38.23066711425781
7203,42.07191467285156
7204,45.492164611816406
7298,41.45316696166992
7110,48.61399841308594
7205,31.09516716003418
7111,37.66749954223633
7299,32.482666015625
7206,29.234333038330078
7957,17.181833267211914
7863,
7770,24.501333236694336
7958,14.503833770751953
7676,31.11050033569336
7959,13.868833541870117
7677,34.10933303833008
6444,54.07583236694336
6256,93.95433044433594
6350,74.36050415039062
6257,100.13908386230469
6351,63.2066650390625
6445,53.05266571044922
6258,78.39591979980469
6446,56.87366485595703
6352,64.1883316040039
6259,60.60941696166992
6914,55.954750061035156
6820,41.973167419433594
7009,76.76667022705078
6821,39.16550064086914
6915,66.6364974975586
7010,60.30983352661133
6822,37.410831451416016
6916,59.875579833984375
6823,37.92100143432617
6917,38.40566635131836
6726,35.33133316040039
6632,31.23149871826172
6539,44.63816833496094
6727,26.170665740966797
6633,23.59524917602539
6634,23.81383514404297
6728,23.549333572387695
6540,46.71383285522461
6635,31.506916046142578
6541,49.71099853515625
6729,31.146333694458008
6636,34.328834533691406
6542,50.99449920654297
6730,37.5793342590332
6731,46.14933395385742
6543,81.3880844116211
6637,50.61916732788086
6544,119.18634033203125
6732,71.01782989501953
6638,77.78966522216797
7011,32.49566650390625
6824,39.185001373291016
6918,30.80066680908203
7012,22.458166122436523
6919,41.512664794921875
6825,45.62766647338867
7013,30.274166107177734
6826,61.39066696166992
7014,36.73433303833008
6920,48.50716781616211
6353,56.74866485595703
6447,53.15599822998047
6354,53.994667053222656
6448,58.79199981689453
6260,58.61608123779297
6449,76.83049774169922
6261,60.324501037597656
6355,54.66433334350586
6262,57.99383544921875
6356,62.105499267578125
6450,100.14066314697266
6451,86.52183532714844
6263,58.189414978027344
6357,57.47716522216797
6264,68.46183013916016
6453,41.951499938964844
6265,148.5644989013672
6827,69.35758209228516
6921,47.908164978027344
7015,39.907501220703125
6922,52.3385009765625
6828,65.67250061035156
7016,49.50600051879883
6923,45.8025016784668
6829,53.25016784667969
7017,44.03466796875
6924,32.04316711425781
6639,99.23316955566406
6545,116.84825134277344
6733,95.29100036621094
6640,91.59783172607422
6546,78.69866943359375
6734,87.8499984741211
6547,80.89924621582031
6735,69.63999938964844
6641,81.56600189208984
6548,88.81050109863281
6266,152.91583251953125
6454,51.32716751098633
6455,34.07566833496094
6456,44.42449951171875
6362,
6457,35.10333251953125
2850,44.419498443603516
2851,56.078834533691406
2757,41.06916809082031
2663,33.40666580200195
2852,70.82616424560547
2664,37.83583450317383
2758,45.842166900634766
2759,45.012664794921875
2665,45.19466781616211
2853,56.90683364868164
2666,
2760,
4167,64.62349700927734
4261,66.45933532714844
4355,68.70408630371094
4168,72.06966400146484
4262,80.8306655883789
4356,76.6846694946289
4169,69.8453369140625
4357,63.77583312988281
4263,74.8584976196289
4264,47.064414978027344
4075,59.35616683959961
3981,59.718414306640625
3888,80.13566589355469
4076,67.68150329589844
3982,88.6510009765625
4077,57.264251708984375
3889,110.39433288574219
3983,115.9306640625
3984,150.84658813476562
3890,114.81116485595703
3699,89.51475524902344
3605,
3794,79.1798324584961
3606,
3700,65.072998046875
3795,81.18900299072266
3701,
3796,63.17599868774414
4170,58.14666748046875
4358,51.00699996948242
4171,36.68783187866211
4265,22.664249420166016
4359,37.702999114990234
4266,23.388916015625
4172,23.491167068481445
4360,36.302833557128906
4361,38.64583206176758
4267,38.485496520996094
4078,64.18216705322266
3985,
3891,
4079,86.87866973876953
3986,95.28182983398438
3892,102.02266693115234
4080,109.17449951171875
3893,100.47467041015625
4081,86.30750274658203
3987,99.51983642578125
3798,
3799,87.25749969482422
4173,41.07383346557617
4362,37.54249954223633
4268,45.76466751098633
4174,64.66483306884766
4363,45.25983428955078
4269,75.28341674804688
4175,93.4850845336914
4176,62.73350143432617
4270,86.21925354003906
4364,52.80216598510742
3894,76.05033111572266
3988,77.45175170898438
4082,57.135833740234375
3895,57.36616516113281
3989,68.14966583251953
4083,53.083499908447266
4084,59.519832611083984
3896,
3990,69.82574462890625
3800,54.84749984741211
3801,36.657501220703125
3708,12.6676664352417
3614,
3709,15.223333358764648
4177,53.97983169555664
4365,65.26216888427734
4271,71.67866516113281
4366,84.61866760253906
4178,60.52666473388672
4272,71.6592788696289
4273,105.19525146484375
4179,75.69149780273438
4367,99.64183044433594
4180,83.18450164794922
5767,36.10041809082031
5861,30.679166793823242
5862,47.252498626708984
5674,69.89900207519531
5768,52.27716827392578
5863,77.37366485595703
5675,88.53683471679688
5769,86.0356674194336
5770,102.16358947753906
5676,86.15516662597656
6049,20.73616600036621
6143,8.642499923706055
5956,46.7668342590332
6050,34.14274978637695
6144,18.649999618530273
5957,71.49099731445312
6145,49.856998443603516
6051,69.48799896240234
5958,79.27749633789062
6146,69.92500305175781
5485,58.51966857910156
5579,50.034000396728516
5392,77.7979965209961
5580,65.93900299072266
5486,72.12957763671875
5393,66.87083435058594
5581,84.0231704711914
5487,73.47916412353516
5394,62.455665588378906
5488,74.5018310546875
6052,84.7024154663086
5959,75.57133483886719
6147,71.34416961669922
6053,75.20541381835938
6054,72.87750244140625
5960,70.2699966430664
6148,76.76100158691406
6055,61.300750732421875
6149,68.19966888427734
5961,53.26183319091797
5864,94.85416412353516
5865,89.08916473388672
5771,89.25199890136719
5677,70.97716522216797
5678,68.90166473388672
5772,69.25350189208984
5866,71.09483337402344
5679,100.47466278076172
5773,68.08650207519531
5867,52.24250030517578
5582,89.92749786376953
5489,72.24666595458984
5583,76.72283172607422
5395,62.83766555786133
5490,80.902587890625
5584,82.95600128173828
5396,69.62950134277344
5491,93.46375274658203
5397,81.73233032226562
5585,102.56900024414062
5492,81.68675231933594
5586,104.70632934570312
5398,78.3905029296875
5587,99.42082977294922
5399,64.37466430664062
5493,70.40416717529297
5400,55.70283508300781
5588,66.93450164794922
5494,63.35258483886719
5589,47.253665924072266
6056,65.57783508300781
6150,64.27066802978516
5962,64.90533447265625
6057,75.68107604980469
6151,59.12300109863281
5963,75.87650299072266
6058,61.111419677734375
6152,49.77899932861328
5964,55.845001220703125
6059,41.517417907714844
5680,112.1673355102539
5774,81.35441589355469
5868,64.5998306274414
5775,69.42058563232422
5681,88.52632904052734
5869,70.64733123779297
5776,40.220252990722656
5682,36.305999755859375
5870,53.067665100097656
5777,25.437833786010742
5495,57.279335021972656
5401,59.35883331298828
5590,57.839332580566406
5402,63.71666717529297
5496,61.92250061035156
5403,76.96591186523438
5497,78.3498306274414
5591,72.18766784667969
5404,77.48442077636719
5310,70.91416931152344
4927,61.49300003051758
4833,55.44333267211914
4739,59.140499114990234
4834,62.250831604003906
4928,65.62950134277344
4740,65.91466522216797
4835,72.0356674194336
4929,67.60933685302734
4741,76.89600372314453
4836,61.56541442871094
5116,82.3844985961914
5023,70.65083312988281
5211,69.30458068847656
5305,71.3201675415039
5117,70.24966430664062
5306,54.75016784667969
5024,52.37083435058594
5212,54.052001953125
5118,51.25208282470703
5119,53.283668518066406
4742,65.84400177001953
4930,56.349998474121094
4837,65.06924438476562
4931,57.37983322143555
4743,68.62799835205078
4838,74.73666381835938
4744,83.2961654663086
4932,69.74566650390625
4745,93.21016693115234
4933,92.19100189208984
4554,91.83233642578125
4648,77.93516540527344
4461,81.8768310546875
4555,63.26441955566406
4649,60.75566482543945
4462,86.6344985961914
4650,69.59950256347656
4556,66.58349609375
4463,111.72866821289062
4651,91.4001693725586
5025,51.74883270263672
5213,60.72283172607422
5307,61.47883224487305
5214,69.04350280761719
5026,66.36766815185547
5120,64.40799713134766
5308,67.31700134277344
5309,70.12232971191406
5215,71.2586669921875
5027,92.08433532714844
4557,96.57899475097656
4464,122.56916809082031
4558,108.93475341796875
4652,99.89949798583984
4465,
4559,88.024169921875
4653,92.21566772460938
4654,96.43800354003906
4560,70.49883270263672
5121,80.84658813476562
5028,101.84600067138672
5216,72.93450164794922
5122,89.6717529296875
5029,94.27200317382812
5217,73.1318359375
5123,88.88908386230469
5030,83.8895034790039
5218,78.0078353881836
5124,87.16508483886719
4839,90.37249755859375
4746,88.42766571044922
4934,104.24600219726562
4840,97.68841552734375
4747,81.94232940673828
4935,95.76033020019531
4841,92.68958282470703
4748,90.93299865722656
4936,84.82483673095703
4842,88.44900512695312
4561,98.6788330078125
4467,
4655,103.08316802978516
4656,96.90433502197266
4468,80.461669921875
4657,64.34866333007812
4469,81.29574584960938
4658,36.03483200073242
4749,88.0094985961914
4937,75.420166015625
4843,82.2586669921875
4938,69.14167022705078
4750,86.15916442871094
4844,78.718505859375
4751,84.75
4939,66.46399688720703
4845,71.6058349609375
4752,67.11883544921875
3333,
3429,
3803,24.758499145507812
3804,
3806,119.25
3991,64.08633422851562
4085,63.47083282470703
3992,
4086,62.49333190917969
4087,64.22699737548828
3900,145.70333862304688
4368,115.61433410644531
4274,121.66474914550781
4181,82.02549743652344
4369,121.36983489990234
4275,111.03266143798828
4182,
4276,75.84324645996094
4370,121.41516876220703
3807,186.09832763671875
3713,
3808,228.7169952392578
3809,120.40899658203125
4088,
3901,179.36216735839844
3995,123.44633483886719
3902,189.6435089111328
3996,139.84832763671875
4090,109.80699920654297
3903,119.88217163085938
3997,119.88783264160156
4091,109.3461685180664
4372,74.64366912841797
4278,87.97083282470703
4184,90.71566772460938
4279,104.98216247558594
4185,101.5251693725586
4373,100.51416778564453
4374,97.71983337402344
4280,107.47599792480469
4186,109.94200134277344
3810,
3812,
3998,105.12899780273438
3904,102.09957885742188
4092,101.71099853515625
3999,82.25150299072266
4093,89.2699966430664
3905,93.37117004394531
4000,75.70999908447266
3906,70.96591186523438
4094,81.62767028808594
3907,88.24908447265625
4281,81.82025146484375
4375,77.84283447265625
4187,93.36183166503906
4282,78.73983001708984
4376,70.52733612060547
4188,89.00125122070312
4283,87.51433563232422
4377,80.69550323486328
4189,95.54275512695312
4284,124.51616668701172
4001,94.08149719238281
4095,88.1336669921875
4002,109.95249938964844
4096,98.24849700927734
3908,126.50666809082031
3909,106.31057739257812
4003,106.41716766357422
4097,130.60400390625
4004,220.01832580566406
3910,166.34967041015625
6153,41.29166793823242
5965,33.364166259765625
6060,26.92533302307129
6154,33.16166687011719
5966,20.70366668701172
6155,23.174833297729492
5967,17.700166702270508
6061,18.287750244140625
5968,29.541000366210938
6062,24.86516571044922
5683,20.385000228881836
5871,31.79366683959961
5684,30.818832397460938
5778,23.027666091918945
5872,20.091833114624023
5685,46.43516540527344
5779,32.706085205078125
5873,21.924999237060547
5686,52.42283248901367
5780,43.250999450683594
5498,74.16316986083984
5592,67.23666381835938
5311,67.99833679199219
5499,54.845001220703125
5405,61.203250885009766
5593,50.9630012512207
5312,71.47666931152344
5500,49.67533493041992
5406,58.05149841308594
5594,50.75266647338867
6156,21.72249984741211
6063,43.038002014160156
5969,38.96733474731445
6157,38.99966812133789
6064,49.2452507019043
6158,51.208168029785156
5970,34.52333450317383
6065,40.08074951171875
5971,34.900333404541016
6159,35.09466552734375
5874,33.20100021362305
5687,50.35749816894531
5781,46.768165588378906
5875,37.59299850463867
5688,61.85717010498047
5782,53.03266525268555
5876,35.13650131225586
5689,61.41716766357422
5783,53.53850173950195
5877,37.59483337402344
5313,93.72833251953125
5595,56.84316635131836
5407,75.4705810546875
5501,56.786834716796875
5314,113.60449981689453
5596,51.28483200073242
5502,58.944000244140625
5408,95.56908416748047
5315,109.46299743652344
5503,63.80833435058594
5690,37.80241394042969
5784,38.453834533691406
5878,37.23683166503906
5691,36.594749450683594
5785,38.16550064086914
5879,38.16350173950195
5692,50.656917572021484
5786,59.337833404541016
5880,51.442665100097656
5693,49.10283660888672
6066,30.575332641601562
5972,36.26241683959961
6160,25.484500885009766
6067,34.608001708984375
5973,35.847747802734375
6161,33.47516632080078
6068,60.33549880981445
5974,46.65966796875
6162,75.50250244140625
5975,61.882080078125
5597,53.643001556396484
5409,94.81741333007812
5316,101.47150421142578
5598,56.755165100097656
5504,61.45866775512695
5410,70.23367309570312
5411,45.47416687011719
5317,59.286834716796875
5599,45.111167907714844
5505,44.99983215332031
5787,63.87616729736328
5881,59.22800064086914
5694,67.81800079345703
5788,81.62933349609375
5882,75.03866577148438
5789,75.31116485595703
5883,69.83316802978516
5695,69.50550079345703
5696,67.08341979980469
5790,70.8951644897461
5219,90.44366455078125
5031,74.86933135986328
5125,85.47982788085938
5220,
5032,69.66516876220703
5126,84.27125549316406
5221,98.66283416748047
5033,70.00833129882812
5127,93.02975463867188
5222,117.15567016601562
4470,58.97833251953125
4659,36.899166107177734
4471,72.76333618164062
4660,
4472,89.86949920654297
4661,43.73249816894531
4940,99.12833404541016
4846,93.461669921875
4753,69.22766876220703
4941,111.87249755859375
4847,99.91791534423828
4754,85.83316802978516
4848,110.21824645996094
4942,125.52149963378906
4755,99.711669921875
4849,127.27974700927734
5034,93.19733428955078
5128,98.93250274658203
5035,99.36433410644531
5223,59.387332916259766
5129,74.07025146484375
5036,133.7445068359375
5224,62.91133499145508
5130,101.03924560546875
5225,81.53633117675781
5037,201.5416717529297
4473,101.42400360107422
4474,130.85983276367188
4568,
4475,181.611328125
4663,
4569,97.8768310546875
4476,198.784423828125
4570,120.77133178710938
4664,
5131,128.0376739501953
5038,252.74465942382812
5132,155.3436737060547
5226,93.99800109863281
5133,152.92774963378906
5039,191.25534057617188
5227,111.25433349609375
5040,124.46966552734375
5134,116.82266235351562
5228,102.68183135986328
4943,177.88949584960938
4850,153.91441345214844
4756,83.23733520507812
4944,240.14183044433594
4851,148.64141845703125
4757,
4945,203.38465881347656
4852,121.27449798583984
4758,66.77483367919922
4946,129.04367065429688
5135,85.51824951171875
5041,107.57233428955078
5229,76.18350219726562
5042,83.99732971191406
5136,76.59449768066406
5230,71.15750122070312
5137,69.60991668701172
5043,59.58183288574219
5231,74.25533294677734
5138,66.03016662597656
4571,117.13866424560547
4477,176.72366333007812
4665,83.0711669921875
4666,86.95433044433594
4478,98.4140853881836
4572,74.73249816894531
4667,63.23625183105469
4573,51.977333068847656
4479,52.67924880981445
4668,51.03200149536133
4853,93.77833557128906
4759,70.70050048828125
4947,111.96666717529297
4854,
4760,74.7030029296875
4948,85.78916931152344
4855,
4761,68.7264175415039
4949,
4950,
6069,80.96516418457031
6163,98.19283294677734
6070,63.35966491699219
5976,64.77925109863281
6164,72.69499969482422
6071,46.31833267211914
5977,54.22041702270508
6165,53.37933349609375
6166,56.07316589355469
6072,50.6683349609375
5600,55.98816680908203
5412,44.18883514404297
5506,47.28499984741211
5318,55.197166442871094
5319,71.1796646118164
5601,69.62049865722656
5507,58.032501220703125
5413,57.53324890136719
5320,75.72049713134766
5602,70.59366607666016
5508,63.84716796875
5414,60.5955810546875
5321,94.5058364868164
5603,88.47566986083984
5415,80.22657775878906
5509,82.53883361816406
5322,97.78683471679688
5510,98.56649780273438
5416,91.152587890625
5604,103.38733673095703
5978,54.20233154296875
6167,62.12849807739258
6073,59.351165771484375
5979,57.62249755859375
6168,58.68316650390625
6074,59.51133346557617
5980,56.482666015625
6169,54.9821662902832
6075,54.73433303833008
5981,51.63191604614258
5884,65.67183685302734
5697,71.63691711425781
5791,66.8324966430664
5885,61.4918327331543
5698,70.6370849609375
5792,60.05950164794922
5886,55.09749984741211
5699,57.653831481933594
5793,51.27283477783203
5887,48.249000549316406
5511,73.2786636352539
5323,72.84600067138672
5417,69.33116912841797
5512,60.849998474121094
5418,65.63975524902344
5324,68.81300354003906
5419,74.48500061035156
5513,62.776832580566406
5325,79.8308334350586
5326,75.69300079345703
5605,75.51699829101562
5606,63.36766815185547
5888,63.77866744995117
5700,53.68000030517578
5794,59.538333892822266
5701,56.674835205078125
5889,96.60516357421875
5795,88.37833404541016
5607,63.00566864013672
5890,116.9010009765625
6076,53.61483383178711
5982,57.70008087158203
6170,57.79966735839844
6077,83.33899688720703
5983,77.73233032226562
6171,124.03166961669922
5984,101.94308471679688
6078,138.1233367919922
6172,181.36782836914062
6173,113.1413345336914
5702,67.69049835205078
5796,110.90516662597656
5608,58.76016616821289
5609,66.91400146484375
5891,102.75749969482422
5703,85.96991729736328
5704,53.40250015258789
5610,
5420,72.50858306884766
5514,61.24866485595703
5515,61.69449996948242
5327,54.43633270263672
5421,56.784751892089844
5328,44.08774948120117
5516,84.20600128173828
5422,60.926666259765625
5517,83.80316925048828
5329,62.839500427246094
1816,49.333168029785156
2004,74.16366577148438
1910,60.87882995605469
1911,56.617835998535156
2005,62.109832763671875
1817,47.8658332824707
1912,
1818,
2006,
2098,57.295833587646484
2286,40.0433349609375
2192,43.194252014160156
2193,45.027748107910156
2099,55.14799880981445
2287,36.420501708984375
2194,41.32749938964844
2288,35.09166717529297
2100,
2476,34.01625061035156
2382,30.121665954589844
2383,
2571,49.153499603271484
2477,
2289,
1161,
4378,100.58599853515625
4190,114.58050537109375
4285,177.02650451660156
4379,117.96749877929688
4191,201.9390869140625
4286,252.7935028076172
4380,185.99049377441406
4192,312.5604248046875
4287,398.1424865722656
4381,284.5094909667969
4098,261.13983154296875
4005,284.2398376464844
3911,200.0800018310547
4099,315.55450439453125
4006,200.11500549316406
4100,234.7693328857422
4007,124.62117004394531
4101,146.15184020996094
4193,379.5621643066406
4382,337.5998229980469
4194,370.100341796875
4288,482.3736572265625
4383,248.90016174316406
4195,215.9456787109375
4289,309.3211669921875
4290,157.89999389648438
4196,122.02458190917969
4384,141.1056671142578
4102,99.86750030517578
4103,
4197,136.57608032226562
4385,105.49349975585938
4291,136.548828125
4198,168.70399475097656
4386,84.55216979980469
4292,120.20083618164062
4199,26.83733367919922
4387,48.81566619873047
4293,43.55033493041992
4856,47.60066604614258
4762,57.95633316040039
4857,48.362667083740234
4763,58.93199920654297
4951,41.09783172607422
4858,78.4451675415039
4764,57.10394287109375
4952,
4859,85.4106674194336
4765,58.63291549682617
5044,63.14533233642578
5232,66.96383666992188
5233,51.916500091552734
5140,
5046,49.14866638183594
5234,
5141,64.09583282470703
5047,64.91349792480469
4574,40.63766860961914
4480,40.603084564208984
4575,33.26150131225586
4481,43.125831604003906
4669,32.55466842651367
4670,29.91866683959961
4576,40.240501403808594
4482,47.98249816894531
4671,42.08100128173828
4577,56.040000915527344
5235,63.992332458496094
5048,83.32466888427734
5142,62.93149948120117
5236,69.67483520507812
5143,
5237,69.49983215332031
5049,93.73291015625
5238,81.65299987792969
5050,102.46466827392578
5144,88.5911636352539
4483,52.54924774169922
4578,66.75233459472656
4484,46.898834228515625
4672,59.048831939697266
4579,60.66350173950195
4485,36.3172492980957
4673,67.23016357421875
4486,31.512666702270508
4674,71.57566833496094
4580,53.77433395385742
4953,80.71817016601562
4954,89.4280014038086
4860,83.59333038330078
4766,58.0643310546875
4955,97.06716918945312
4767,71.10033416748047
4861,86.03350067138672
4956,94.0364990234375
4768,80.68075561523438
4862,84.91466522216797
5239,102.26799774169922
5051,109.12183380126953
5145,
5052,96.20233154296875
5240,115.54066467285156
5146,118.08466339111328
5241,119.72233581542969
5147,124.77366638183594
5053,89.75816345214844
5054,93.5356674194336
4581,50.48500061035156
4487,
4675,83.61783599853516
4676,79.6050033569336
4582,39.439998626708984
4583,
4677,66.18283081054688
4769,92.61641693115234
4957,91.94049835205078
4863,83.0625
4770,97.41725158691406
4958,91.26366424560547
4864,90.88508605957031
4771,100.27141571044922
4959,87.34833526611328
4865,82.64167022705078
4960,85.3864974975586
5242,129.28582763671875
5148,129.2758331298828
5243,122.7491683959961
5149,122.43533325195312
5055,95.62016296386719
5244,118.24617004394531
5150,105.98117065429688
5056,86.59066772460938
5245,113.6933364868164
5057,84.91083526611328
5985,94.2239990234375
6079,112.82433319091797
6080,
5986,31.639999389648438
6081,47.97949981689453
5987,85.8183364868164
5611,85.27483367919922
5893,
5799,
5894,100.15966796875
5800,103.86383056640625
5423,66.69149780273438
5330,81.6578369140625
5331,75.54541778564453
5425,
5520,
5332,84.31816864013672
5426,76.73116302490234
5988,77.71991729736328
5990,
5991,105.52433013916016
6085,97.2786636352539
5895,67.4558334350586
5801,85.77850341796875
5614,
5803,
5615,
5709,
5521,90.36083221435547
5427,93.3290023803711
5333,99.80533599853516
5334,96.6155014038086
5428,94.06083679199219
5522,98.94300079345703
5335,101.77024841308594
5523,101.28166961669922
5429,100.48816680908203
5336,118.23541259765625
5897,81.0927505493164
5616,112.58300018310547
5804,97.22566986083984
5898,138.8052520751953
5710,94.84200286865234
5711,104.49283599853516
5805,107.33566284179688
5617,110.06242370605469
5899,154.02474975585938
5712,99.03216552734375
6180,
5992,159.1266632080078
6086,107.01683044433594
6181,47.86933135986328
6087,
5993,149.56317138671875
6182,64.81491088867188
5900,119.90374755859375
5994,91.41783142089844
6088,66.86949920654297
5524,97.01499938964844
5430,112.57099914550781
5337,115.48583221435547
5431,105.25233459472656
5525,95.92749786376953
5338,114.89599609375
5526,107.19750213623047
5432,109.32099914550781
5527,105.31900024414062
5339,103.96833801269531
5806,101.26333618164062
5618,95.05641174316406
5713,100.44316864013672
5807,102.22367095947266
5619,96.78425598144531
5808,94.50433349609375
5620,96.19992065429688
5714,91.7979965209961
5715,78.15833282470703
5621,87.53257751464844
4388,40.682167053222656
4294,30.14966583251953
4295,
4389,33.22516632080078
4390,24.028833389282227
4391,
4678,
4679,
4866,81.8308334350586
4772,98.39041900634766
4961,87.97049713134766
4867,75.73650360107422
4773,71.29974365234375
4868,66.01483154296875
4774,54.0428352355957
4962,81.02041625976562
4869,61.6053352355957
4963,82.29750061035156
5151,100.03800201416016
5246,99.1969985961914
5152,99.16483306884766
5058,94.1181640625
5247,84.21916961669922
5059,93.52511596679688
5153,77.52916717529297
5248,78.7229995727539
5060,93.75575256347656
5154,
4964,84.28166961669922
4870,47.21366500854492
4965,70.5616683959961
4871,
4966,58.255001068115234
4872,
5155,93.69233703613281
5061,72.89175415039062
5249,73.47550201416016
5250,60.31916809082031
5062,43.34122085571289
5156,69.7020034790039
5063,31.854833602905273
5251,61.49683380126953
5157,54.117000579833984
5064,
4967,
4873,
4968,
5252,74.00800323486328
5158,53.46083450317383
5159,35.85475158691406
5253,62.91899871826172
5254,39.06483459472656
5160,16.27166748046875
6089,81.93599700927734
6183,94.4975814819336
5901,99.47782897949219
5995,78.04833221435547
5996,82.53616333007812
6184,95.41433715820312
6090,86.77583312988281
5902,92.92350006103516
6091,69.17400360107422
5903,73.79158020019531
5997,68.4001693725586
6185,73.85541534423828
5904,78.57708740234375
6092,67.8183364868164
5998,73.80266571044922
6186,69.6850814819336
5905,87.90958404541016
6093,71.41816711425781
5999,76.55033111572266
6187,85.13150024414062
5809,80.0433349609375
5810,79.2518310546875
5716,72.88966369628906
5622,79.44050598144531
5717,81.0145034790039
5623,86.62391662597656
5811,86.18367004394531
5718,97.1066665649414
5812,92.3413314819336
5624,105.70591735839844
5433,102.77899932861328
5434,93.30633544921875
5340,94.91108703613281
5528,93.04049682617188
5341,96.80741882324219
5529,84.49583435058594
5435,92.46299743652344
5530,94.07783508300781
5342,80.64958190917969
5436,91.795166015625
6094,49.57266616821289
5906,68.12774658203125
6000,42.59316635131836
6188,74.8731689453125
5907,55.94225311279297
6095,37.42100143432617
6001,28.17650032043457
6189,55.519500732421875
6096,40.069000244140625
5908,59.835662841796875
5719,98.13133239746094
5813,86.69216918945312
5625,102.29225158691406
5626,96.7734146118164
5720,101.35066986083984
5814,92.53233337402344
5815,100.8115005493164
5721,106.107666015625
5627,97.33716583251953
5628,92.07508850097656
5343,70.32733154296875
5437,85.20050048828125
5531,91.89933013916016
5438,74.8635025024414
5344,62.576332092285156
5532,84.06883239746094
5439,73.15033721923828
5533,79.71583557128906
5345,67.20283508300781
5346,92.65766906738281
6002,31.29633331298828
6190,57.24108123779297
5909,65.72125244140625
6097,47.4119987487793
6003,33.57866668701172
6191,66.33300018310547
5910,63.87516784667969
6098,47.217498779296875
6004,32.39216613769531
6192,71.04933166503906
5816,94.23316955566406
5722,96.8431625366211
5723,81.9844970703125
5629,82.78591918945312
5817,79.32616424560547
5724,88.83566284179688
5630,77.70716857910156
5818,86.0546646118164
5725,82.7518310546875
5631,71.60883331298828
5440,93.64066314697266
5534,83.37466430664062
5441,
5535,91.5078353881836
5347,97.71141052246094
5442,85.489501953125
5536,87.04666900634766
5348,68.02566528320312
5443,63.72566604614258
5537,81.72516632080078
5255,23.566333770751953
5256,30.119667053222656
6099,50.02916717529297
5911,59.13524627685547
6005,38.955665588378906
6193,70.06892395019531
6194,63.822914123535156
5912,62.16091537475586
6006,48.58649826049805
6100,52.26433181762695
5913,68.50333404541016
6007,56.291500091552734
5349,
5538,78.42491149902344
5444,57.35100173950195
5350,41.83566665649414
5539,66.5459976196289
5445,48.63966751098633
5351,34.57866668701172
5540,56.90341567993164
5446,40.21266555786133
5352,26.7586669921875
5819,91.1433334350586
5820,66.70516967773438
5726,56.24883270263672
5632,53.02466583251953
5821,39.823001861572266
5727,39.92316818237305
5633,58.8038330078125
5634,54.535499572753906
5822,23.500999450683594
5728,30.166166305541992
6101,57.016998291015625
6008,57.823001861572266
6102,52.71900177001953
5914,66.15299987792969
5915,47.452919006347656
6103,29.751832962036133
6009,40.14216613769531
6104,16.30033302307129
5916,29.625
6010,22.404499053955078
5541,37.152915954589844
5447,25.59200096130371
5353,15.871333122253418
5448,15.40583324432373
5542,22.872333526611328
5354,8.97599983215332
5543,30.994083404541016
5449,19.115333557128906
5823,14.807499885559082
5635,36.76966857910156
5729,20.83766746520996
5636,22.898500442504883
5824,10.557666778564453
5730,14.625666618347168
5637,24.446001052856445
5825,12.345083236694336
5731,16.389833450317383
5638,27.879667282104492
6105,13.642333030700684
6011,14.751667022705078
5917,17.561500549316406
6106,25.419166564941406
6012,16.78783416748047
5918,12.836999893188477
6013,22.680999755859375
5919,17.51383399963379
6107,29.851999282836914
5544,33.98249816894531
5450,17.03783416748047
5451,15.84666633605957
5545,34.1336669921875
5826,22.89983367919922
5732,23.468666076660156
8702,32.51008224487305
8608,34.2321662902832
8703,30.387666702270508
8797,
8609,32.3009147644043
8704,29.874000549316406
8610,37.83241653442383
8798,
8328,33.12733459472656
8516,40.054168701171875
8423,38.611167907714844
8329,28.541667938232422
8517,42.74850082397461
8424,33.8650016784668
8518,34.89116668701172
8330,30.54891586303711
8425,30.02116584777832
8331,35.17524719238281
8140,19.037500381469727
8047,33.8754997253418
8235,23.583999633789062
8141,25.708667755126953
8048,30.733333587646484
8142,30.831832885742188
8236,31.183000564575195
8237,33.111167907714844
8143,26.60449981689453
8049,22.74791717529297
8705,45.88249969482422
8611,49.47983169555664
8799,
8706,67.77833557128906
8612,53.55249786376953
8613,30.715999603271484
8519,26.590999603271484
8426,32.26266860961914
8332,37.016998291015625
8520,
8333,33.44974899291992
8050,22.825000762939453
8144,27.954833984375
8238,30.220500946044922
8051,24.725584030151367
8239,30.648666381835938
8145,28.870500564575195
8052,20.283584594726562
8146,24.62649917602539
8240,33.86316680908203
8053,17.433582305908203
8147,
8054,11.080833435058594
6830,45.702919006347656
7018,30.738500595092773
6925,29.90216636657715
7019,29.61283302307129
6831,45.07416534423828
6926,37.872833251953125
7020,38.23866653442383
6832,57.6783332824707
6927,46.16350173950195
7021,51.46766662597656
6736,65.84683227539062
6642,81.0286636352539
6549,60.13758087158203
6737,60.614166259765625
6643,59.68283462524414
6550,56.68674850463867
6738,72.71549987792969
6644,68.4558334350586
6551,41.25016784667969
6645,42.333499908447266
6363,31.890499114990234
6458,23.816333770751953
6364,19.104999542236328
6459,16.71233367919922
6833,44.612083435058594
6928,41.25033187866211
7022,45.465667724609375
6834,37.54216766357422
6929,30.166500091552734
7023,30.621665954589844
6835,47.99683380126953
6930,
6739,43.63216781616211
6646,
6740,25.567333221435547
6552,29.909168243408203
6741,
6553,23.167415618896484
6367,
6273,
6368,29.812166213989258
6274,25.750667572021484
6275,37.27225112915039
6369,35.37150192260742
6463,31.59083366394043
7027,
6839,20.152000427246094
6933,
7028,37.75283432006836
6649,
6650,50.00233459472656
6651,30.551834106445312
6557,31.448833465576172
6745,21.27549934387207
6652,40.310665130615234
6840,37.59541702270508
6934,41.61249923706055
7029,40.9188346862793
6841,58.01366424560547
6935,50.278499603271484
6936,46.9023323059082
6842,58.446250915527344
7030,
6843,46.74974822998047
6464,53.38233184814453
6370,51.84983444213867
6276,58.31816482543945
6371,76.63033294677734
6277,89.32333374023438
6465,69.65116882324219
6466,67.2385025024414
6278,92.27633666992188
6372,77.4768295288086
6467,69.21499633789062
7488,31.9459171295166
7394,33.81650161743164
7489,40.89466857910156
7583,42.25883483886719
7395,31.443416595458984
7584,54.957000732421875
7490,57.58883285522461
7396,36.769752502441406
7397,34.337249755859375
7585,34.036834716796875
7112,29.64983367919922
7300,32.657501220703125
7301,33.260501861572266
7207,32.9466667175293
7113,31.029916763305664
7208,38.94049835205078
7302,34.520668029785156
7114,41.24308395385742
7209,35.420833587646484
7115,44.980751037597656
7960,
7678,32.21383285522461
7491,38.734832763671875
7398,23.43316650390625
7586,19.93516731262207
7492,22.654333114624023
7493,10.57349967956543
7587,9.87933349609375
7303,33.59133529663086
7210,32.76449966430664
7304,29.678499221801758
7116,41.513999938964844
7211,22.452167510986328
7117,28.9183349609375
7307,
7214,17.496999740600586
7120,
7215,
7121,23.01766586303711
7216,
6558,55.58366394042969
6746,27.043500900268555
6559,74.4280014038086
6653,52.15283203125
6747,38.77983474731445
6560,82.72149658203125
6654,54.06533432006836
6748,44.602664947509766
6561,66.97883605957031
6655,45.80649948120117
6373,67.80266571044922
6279,75.56916809082031
6280,75.85066986083984
6374,70.5086669921875
6468,74.80750274658203
6281,84.63583374023438
6375,70.40799713134766
6469,75.91708374023438
6282,73.96383666992188
6376,60.147499084472656
6937,34.215667724609375
6844,40.35350036621094
6938,28.70916748046875
6939,25.613832473754883
6845,34.845333099365234
6846,36.08250045776367
6940,25.614334106445312
6749,43.88949966430664
6562,
6656,45.47783279418945
6750,46.96549987792969
6657,59.99100112915039
6751,44.37916564941406
6563,87.15499877929688
6752,51.26333236694336
6564,91.07566833496094
6658,67.17466735839844
6470,80.41183471679688
6377,49.96200180053711
6283,50.896331787109375
6471,75.23858642578125
6378,52.96366500854492
6284,51.409000396728516
6472,67.46141815185547
6379,51.5811653137207
6473,52.148834228515625
6285,59.48683166503906
6565,88.46700286865234
6753,54.353248596191406
6659,71.11599731445312
6566,79.70866394042969
6660,68.31700134277344
6754,52.6609992980957
6567,52.201499938964844
6661,54.865665435791016
6755,59.35475158691406
6662,75.34432983398438
6847,32.86466598510742
6941,19.31016731262207
6848,27.987499237060547
6942,
6849,35.43733215332031
6943,17.9060001373291
7038,9.717666625976562
6286,63.62516784667969
6474,39.41641616821289
6380,47.18166732788086
6287,64.2568359375
6475,46.428497314453125
6381,52.69066619873047
6288,64.26066589355469
6382,65.75666809082031
6476,57.91950225830078
6195,66.92625427246094
6568,53.7234992980957
6756,87.98208618164062
6663,91.7490005493164
6569,62.154666900634766
6757,104.08158111572266
6758,85.86216735839844
6570,54.94766616821289
6664,77.69633483886719
6759,68.72657775878906
6665,66.95066833496094
6850,54.66716766357422
6944,25.085166931152344
7039,11.482833862304688
6851,59.11366653442383
6945,24.59583282470703
6852,45.53850173950195
7040,10.791500091552734
6946,19.64316749572754
7041,9.955083847045898
6853,37.26483154296875
7122,33.71649932861328
7123,30.366666793823242
7503,
7409,27.578001022338867
7410,26.773834228515625
7504,
7127,
7411,16.014583587646484
7412,16.171667098999023
7693,
7694,3.9608333110809326
7695,3.941833257675171
7223,
7130,8.891166687011719
7318,
7224,10.37933349609375
7131,8.621833801269531
7319,12.301666259765625
7225,8.775833129882812
7320,11.262499809265137
7416,5.684666633605957
7417,4.797666549682617
7132,9.322333335876465
7226,9.83566665649414
7321,14.763333320617676
7133,9.575166702270508
7227,11.929666519165039
7228,
7322,10.228750228881836
7134,
7229,7.334833145141602
7323,6.059833526611328
7135,7.870333194732666
7324,7.426000118255615
7136,7.475666522979736
7230,7.297666549682617
7137,10.857832908630371
7231,10.650166511535645
6289,63.6683349609375
6477,58.37091827392578
6383,60.895668029785156
6290,53.83583450317383
6384,47.61199951171875
6478,56.8303337097168
6196,59.889747619628906
6291,46.6870002746582
6197,40.564414978027344
6385,46.30516815185547
6571,57.04216766357422
6666,73.35749816894531
6572,71.2239990234375
6760,84.74108123779297
6667,73.42033386230469
6761,108.82499694824219
6573,66.92466735839844
6668,57.95349884033203
6574,48.71783447265625
6762,93.77091979980469
6947,17.490833282470703
7042,9.947083473205566
6854,61.901668548583984
6948,28.632667541503906
7043,14.690083503723145
6855,85.28250122070312
6949,40.84149932861328
6856,81.24766540527344
6950,49.705501556396484
6479,60.791831970214844
6292,49.84349822998047
6386,51.077667236328125
6198,32.93174743652344
6480,59.630584716796875
6199,32.044166564941406
6387,52.46699905395508
6293,52.820167541503906
6481,46.4495849609375
6294,48.49533462524414
6575,36.930667877197266
6576,
6200,40.00408172607422
6388,53.96733474731445
6482,56.95800018310547
6295,41.4033317565918
6389,51.753665924072266
6483,58.86058044433594
6390,45.05099868774414
